id_cliente,estado,data_inicio,valor_mensal,status,idade_cliente,tempo_cliente_dias,faixa_etaria,ddd,regiao,meses_cliente,mes_inicio,faixa_valor
3,ES,2025-06-12,166.97,inadimplente,37,54,28-37,41,sudeste,1,6,141-170
4,RO,2025-07-29,53.01,inadimplente,18,7,18-27,51,norte,0,7,50-80
5,PI,2025-01-29,141.25,inadimplente,45,188,38-47,81,nordeste,6,1,141-170
6,PR,2025-03-15,118.85,inadimplente,37,143,28-37,31,sul,4,3,111-140
7,AL,2025-04-06,126.73,inadimplente,51,121,48-57,21,nordeste,4,4,111-140
8,RO,2025-05-07,100.44,inadimplente,42,90,38-47,31,norte,3,5,81-110
9,PB,2024-11-23,94.82,inadimplente,31,255,28-37,21,nordeste,8,11,81-110
10,CE,2024-10-21,110.61,inadimplente,46,288,38-47,81,nordeste,9,10,111-140
11,MT,2025-04-08,112.78,inadimplente,52,119,48-57,21,centro-oeste,3,4,111-140
12,SC,2024-11-04,157.01,inadimplente,65,274,58-67,31,sul,9,11,141-170
13,AP,2024-09-07,75.5,inadimplente,68,332,68-77,41,norte,11,9,50-80
14,RJ,2025-02-05,164.44,inadimplente,34,181,28-37,31,sudeste,6,2,141-170
15,MA,2025-05-14,180.71,inadimplente,55,83,48-57,84,nordeste,2,5,171-200
16,CE,2025-05-28,120.58,inadimplente,24,69,18-27,71,nordeste,2,5,111-140
17,PI,2025-05-20,111.97,inadimplente,31,77,28-37,21,nordeste,2,5,111-140
18,MA,2025-05-14,118.64,inadimplente,46,83,38-47,41,nordeste,2,5,111-140
19,CE,2025-02-07,97.01,inadimplente,23,179,18-27,84,nordeste,5,2,81-110
20,BA,2025-05-13,123.44,inadimplente,25,84,18-27,51,nordeste,2,5,111-140
22,MG,2025-02-09,98.33,inadimplente,65,177,58-67,84,sudeste,5,2,81-110
23,PB,2025-05-31,87.32,inadimplente,48,66,48-57,31,nordeste,2,5,81-110
24,PI,2024-11-24,95.92,inadimplente,23,254,18-27,84,nordeste,8,11,81-110
25,TO,2024-10-29,159.17,inadimplente,65,280,58-67,80,norte,9,10,141-170
26,AC,2025-06-27,101.41,inadimplente,62,39,58-67,31,norte,1,6,81-110
28,PB,2025-05-13,81.68,inadimplente,19,84,18-27,61,nordeste,2,5,81-110
29,SP,2025-01-19,104.99,inadimplente,21,198,18-27,11,sudeste,6,1,81-110
30,PA,2024-09-24,165.69,inadimplente,22,315,18-27,61,norte,10,9,141-170
31,MA,2024-08-27,66.22,inadimplente,19,343,18-27,30,nordeste,11,8,50-80
32,AM,2024-11-24,116.65,inadimplente,29,254,28-37,61,norte,8,11,111-140
33,SE,2024-10-13,72.97,inadimplente,18,296,18-27,51,nordeste,9,10,50-80
34,SE,2024-09-22,149.37,inadimplente,42,317,38-47,81,nordeste,10,9,141-170
35,BA,2025-03-09,112.82,inadimplente,27,149,18-27,61,nordeste,4,3,111-140
36,RJ,2024-12-03,92.41,inadimplente,27,245,18-27,71,sudeste,8,12,81-110
37,PE,2025-01-31,166.69,inadimplente,64,186,58-67,41,nordeste,6,1,141-170
38,SP,2024-12-12,111.46,inadimplente,32,236,28-37,51,sudeste,7,12,111-140
39,PE,2024-12-24,81.15,inadimplente,61,224,58-67,81,nordeste,7,12,81-110
40,MG,2025-06-21,150.74,inadimplente,27,45,18-27,30,sudeste,1,6,141-170
41,RN,2024-08-05,150.35,inadimplente,31,365,28-37,84,nordeste,12,8,141-170
42,BA,2025-03-28,166.93,inadimplente,24,130,18-27,90,nordeste,4,3,141-170
43,RR,2025-02-05,65.19,inadimplente,40,181,38-47,11,norte,6,2,50-80
44,RR,2024-11-21,118.51,inadimplente,44,257,38-47,51,norte,8,11,111-140
45,SP,2024-09-29,57.51,inadimplente,33,310,28-37,11,sudeste,10,9,50-80
46,DF,2025-07-12,177.84,inadimplente,50,24,48-57,11,centro-oeste,0,7,171-200
47,SC,2025-02-08,96.91,inadimplente,28,178,28-37,84,sul,5,2,81-110
48,ES,2025-03-23,163.73,inadimplente,22,135,18-27,21,sudeste,4,3,141-170
49,RN,2025-06-21,70.76,inadimplente,33,45,28-37,51,nordeste,1,6,50-80
50,MA,2025-05-23,99.3,inadimplente,57,74,48-57,30,nordeste,2,5,81-110
51,RN,2025-03-06,193.26,inadimplente,42,152,38-47,21,nordeste,5,3,171-200
52,GO,2025-04-16,181.77,inadimplente,26,111,18-27,71,centro-oeste,3,4,171-200
53,DF,2025-01-27,105.89,inadimplente,48,190,48-57,71,centro-oeste,6,1,81-110
54,RR,2025-01-28,77.43,inadimplente,53,189,48-57,30,norte,6,1,50-80
55,RN,2025-02-28,110.04,inadimplente,58,158,58-67,21,nordeste,5,2,111-140
56,PE,2025-04-14,90.77,inadimplente,52,113,48-57,51,nordeste,3,4,81-110
57,PA,2024-08-27,153.49,inadimplente,60,343,58-67,71,norte,11,8,141-170
58,SC,2025-03-16,169.98,inadimplente,32,142,28-37,11,sul,4,3,141-170
59,BA,2025-01-18,66.96,inadimplente,23,199,18-27,71,nordeste,6,1,50-80
60,PE,2025-06-12,197.24,inadimplente,32,54,28-37,21,nordeste,1,6,171-200
61,SC,2025-03-31,65.56,inadimplente,61,127,58-67,71,sul,4,3,50-80
62,ES,2024-09-10,170.34,inadimplente,57,329,48-57,41,sudeste,10,9,171-200
63,MT,2025-02-13,77.19,inadimplente,52,173,48-57,84,centro-oeste,5,2,50-80
64,PI,2025-04-20,166.87,inadimplente,20,107,18-27,84,nordeste,3,4,141-170
65,AC,2024-12-16,179.39,inadimplente,29,232,28-37,31,norte,7,12,171-200
66,RO,2024-11-23,122.46,inadimplente,61,255,58-67,21,norte,8,11,111-140
67,PE,2024-11-01,66.94,inadimplente,54,277,48-57,31,nordeste,9,11,50-80
68,AM,2024-08-05,116.1,inadimplente,23,365,18-27,41,norte,12,8,111-140
69,ES,2025-01-24,89.24,inadimplente,46,193,38-47,81,sudeste,6,1,81-110
70,BA,2025-01-24,51.85,inadimplente,65,193,58-67,31,nordeste,6,1,50-80
71,PA,2025-02-01,165.13,inadimplente,69,185,68-77,81,norte,6,2,141-170
72,AL,2025-05-15,158.57,inadimplente,38,82,38-47,41,nordeste,2,5,141-170
73,PI,2025-02-04,196.68,inadimplente,48,182,48-57,51,nordeste,6,2,171-200
74,TO,2025-01-14,127.86,inadimplente,26,203,18-27,61,norte,6,1,111-140
75,RO,2025-03-23,114.93,inadimplente,40,135,38-47,84,norte,4,3,111-140
76,AL,2025-02-17,122.29,inadimplente,52,169,48-57,31,nordeste,5,2,111-140
77,TO,2025-07-30,72.3,inadimplente,68,6,68-77,80,norte,0,7,50-80
78,PA,2025-01-08,183.81,inadimplente,22,209,18-27,31,norte,6,1,171-200
79,RN,2024-12-08,51.75,inadimplente,32,240,28-37,11,nordeste,8,12,50-80
80,PB,2024-10-04,125.84,inadimplente,60,305,58-67,71,nordeste,10,10,111-140
81,PI,2024-09-17,177.78,inadimplente,32,322,28-37,21,nordeste,10,9,171-200
82,AL,2025-04-28,61.23,inadimplente,62,99,58-67,51,nordeste,3,4,50-80
83,BA,2025-07-18,98.1,inadimplente,47,18,38-47,41,nordeste,0,7,81-110
84,CE,2025-04-17,195.52,inadimplente,22,110,18-27,81,nordeste,3,4,171-200
85,RR,2025-06-16,126.04,inadimplente,67,50,58-67,31,norte,1,6,111-140
86,PE,2024-11-08,146.5,inadimplente,54,270,48-57,31,nordeste,9,11,141-170
87,TO,2025-07-05,172.57,inadimplente,25,31,18-27,51,norte,1,7,171-200
88,PI,2025-06-13,118.86,inadimplente,69,53,68-77,81,nordeste,1,6,111-140
89,PI,2024-08-17,117.21,inadimplente,62,353,58-67,84,nordeste,11,8,111-140
90,ES,2024-12-15,117.06,inadimplente,28,233,28-37,31,sudeste,7,12,111-140
91,ES,2024-12-08,197.1,inadimplente,19,240,18-27,61,sudeste,8,12,171-200
92,BA,2024-12-05,65.4,inadimplente,55,243,48-57,31,nordeste,8,12,50-80
93,AL,2025-06-13,55.37,inadimplente,67,53,58-67,61,nordeste,1,6,50-80
94,CE,2024-09-13,50.03,inadimplente,26,326,18-27,50,nordeste,10,9,50-80
95,PR,2024-12-05,168.77,inadimplente,45,243,38-47,61,sul,8,12,141-170
96,SP,2024-11-11,183.52,inadimplente,68,267,68-77,51,sudeste,8,11,171-200
97,TO,2025-03-16,81.03,inadimplente,58,142,58-67,31,norte,4,3,81-110
98,RJ,2025-01-08,192.55,inadimplente,50,209,48-57,84,sudeste,6,1,171-200
99,MG,2024-11-05,173.8,inadimplente,38,273,38-47,21,sudeste,9,11,171-200
100,PR,2025-05-06,176.65,inadimplente,47,91,38-47,84,sul,3,5,171-200
101,MT,2024-11-17,134.02,inadimplente,60,261,58-67,11,centro-oeste,8,11,111-140
102,DF,2025-01-23,157.5,inadimplente,50,194,48-57,30,centro-oeste,6,1,141-170
103,RN,2025-06-22,157.39,inadimplente,28,44,28-37,81,nordeste,1,6,141-170
104,AC,2025-07-26,64.62,inadimplente,37,10,28-37,21,norte,0,7,50-80
105,AP,2025-06-20,50.33,inadimplente,49,46,48-57,61,norte,1,6,50-80
106,BA,2024-11-04,174.48,inadimplente,44,274,38-47,31,nordeste,9,11,171-200
107,GO,2025-01-29,132.15,inadimplente,51,188,48-57,84,centro-oeste,6,1,111-140
108,SP,2025-01-11,155.31,inadimplente,22,206,18-27,81,sudeste,6,1,141-170
109,RR,2024-09-20,184.53,inadimplente,62,319,58-67,41,norte,10,9,171-200
110,AL,2025-01-27,71.07,inadimplente,54,190,48-57,51,nordeste,6,1,50-80
111,SP,2024-11-02,66.04,inadimplente,35,276,28-37,61,sudeste,9,11,50-80
112,RJ,2024-10-23,78.13,inadimplente,53,286,48-57,80,sudeste,9,10,50-80
113,AM,2025-03-21,82.34,inadimplente,35,137,28-37,71,norte,4,3,81-110
114,AC,2025-02-28,157.52,inadimplente,27,158,18-27,11,norte,5,2,141-170
115,CE,2025-07-03,163.57,inadimplente,22,33,18-27,11,nordeste,1,7,141-170
116,GO,2025-06-24,188.99,inadimplente,29,42,28-37,41,centro-oeste,1,6,171-200
117,PA,2025-03-31,165.82,inadimplente,58,127,58-67,84,norte,4,3,141-170
118,RN,2025-03-12,118.61,inadimplente,63,146,58-67,71,nordeste,4,3,111-140
119,AP,2024-10-06,70.2,inadimplente,62,303,58-67,84,norte,10,10,50-80
120,ES,2025-07-24,50.65,inadimplente,22,12,18-27,41,sudeste,0,7,50-80
121,PI,2025-07-13,132.98,inadimplente,56,23,48-57,81,nordeste,0,7,111-140
122,SC,2025-06-16,175.82,inadimplente,61,50,58-67,84,sul,1,6,171-200
123,AM,2025-07-19,188.66,inadimplente,33,17,28-37,84,norte,0,7,171-200
124,DF,2024-11-01,153.77,inadimplente,33,277,28-37,21,centro-oeste,9,11,141-170
125,RO,2024-12-22,159.57,inadimplente,29,226,28-37,81,norte,7,12,141-170
126,AL,2024-12-17,65.53,inadimplente,46,231,38-47,21,nordeste,7,12,50-80
127,DF,2025-01-24,125.62,inadimplente,52,193,48-57,84,centro-oeste,6,1,111-140
128,PR,2025-01-21,112.8,inadimplente,40,196,38-47,31,sul,6,1,111-140
129,MS,2025-01-01,91.04,inadimplente,48,216,48-57,50,centro-oeste,7,1,81-110
130,GO,2024-11-20,195.57,inadimplente,58,258,58-67,71,centro-oeste,8,11,171-200
131,MG,2024-10-31,170.72,inadimplente,30,278,28-37,71,sudeste,9,10,171-200
132,RJ,2024-12-16,111.91,inadimplente,63,232,58-67,84,sudeste,7,12,111-140
133,AL,2025-04-07,94.84,inadimplente,67,120,58-67,41,nordeste,4,4,81-110
134,PB,2025-07-08,179.11,inadimplente,67,28,58-67,51,nordeste,0,7,171-200
135,TO,2024-12-08,144.89,inadimplente,36,240,28-37,31,norte,8,12,141-170
136,PR,2024-10-19,81.46,inadimplente,44,290,38-47,61,sul,9,10,81-110
137,MT,2024-09-26,152.99,inadimplente,29,313,28-37,71,centro-oeste,10,9,141-170
138,RN,2025-01-29,197.2,inadimplente,33,188,28-37,81,nordeste,6,1,171-200
139,AC,2025-03-01,125.58,inadimplente,46,157,38-47,61,norte,5,3,111-140
140,AM,2025-06-21,156.55,inadimplente,49,45,48-57,90,norte,1,6,141-170
141,AP,2025-01-09,134.34,adimplente,69,208,68-77,71,norte,6,1,111-140
142,AL,2024-08-22,191.4,adimplente,55,348,48-57,84,nordeste,11,8,171-200
143,ES,2025-06-16,151.14,adimplente,65,50,58-67,61,sudeste,1,6,141-170
144,RJ,2025-04-16,92.89,adimplente,55,111,48-57,71,sudeste,3,4,81-110
145,RR,2024-09-23,171.25,adimplente,64,316,58-67,81,norte,10,9,171-200
146,GO,2025-07-12,65.97,adimplente,52,24,48-57,11,centro-oeste,0,7,50-80
147,BA,2024-12-18,71.8,adimplente,23,230,18-27,80,nordeste,7,12,50-80
148,PE,2025-01-04,79.99,adimplente,32,213,28-37,11,nordeste,7,1,50-80
149,AL,2025-02-04,197.53,adimplente,40,182,38-47,51,nordeste,6,2,171-200
150,AL,2025-05-24,71.96,adimplente,23,73,18-27,81,nordeste,2,5,50-80
151,PR,2024-08-30,153.59,adimplente,44,340,38-47,51,sul,11,8,141-170
152,RR,2025-04-02,80.6,adimplente,66,125,58-67,84,norte,4,4,81-110
153,RO,2025-05-15,54.85,adimplente,58,82,58-67,61,norte,2,5,50-80
154,RS,2025-06-21,65.37,adimplente,68,45,68-77,51,sul,1,6,50-80
155,RO,2025-04-08,179.73,adimplente,68,119,68-77,81,norte,3,4,171-200
156,RO,2025-01-26,108.33,adimplente,63,191,58-67,21,norte,6,1,81-110
157,MS,2025-04-23,167.65,adimplente,43,104,38-47,41,centro-oeste,3,4,141-170
158,BA,2024-10-07,153.94,adimplente,22,302,18-27,31,nordeste,10,10,141-170
159,PI,2024-11-26,188.97,adimplente,52,252,48-57,31,nordeste,8,11,171-200
160,AC,2025-06-14,112.48,adimplente,46,52,38-47,71,norte,1,6,111-140
161,RS,2025-07-10,194.87,adimplente,22,26,18-27,84,sul,0,7,171-200
162,CE,2025-02-27,51.94,adimplente,40,159,38-47,84,nordeste,5,2,50-80
163,PI,2024-10-16,80.46,adimplente,57,293,48-57,51,nordeste,9,10,81-110
164,AL,2024-12-13,174.5,adimplente,51,235,48-57,11,nordeste,7,12,171-200
165,PA,2025-03-07,163.27,adimplente,67,151,58-67,41,norte,5,3,141-170
166,PI,2025-04-02,160.77,adimplente,35,125,28-37,84,nordeste,4,4,141-170
167,CE,2025-04-14,166.42,adimplente,35,113,28-37,84,nordeste,3,4,141-170
168,SE,2025-06-22,94.13,adimplente,33,44,28-37,84,nordeste,1,6,81-110
169,MS,2024-08-15,197.52,adimplente,24,355,18-27,50,centro-oeste,11,8,171-200
170,RO,2024-11-30,78.05,adimplente,33,248,28-37,21,norte,8,11,50-80
171,SE,2024-11-04,160.26,adimplente,28,274,28-37,51,nordeste,9,11,141-170
172,AM,2025-05-08,106.58,adimplente,56,89,48-57,71,norte,2,5,81-110
173,RJ,2024-08-21,91.87,adimplente,41,349,38-47,61,sudeste,11,8,81-110
174,RN,2024-10-09,69.51,adimplente,40,300,38-47,41,nordeste,10,10,50-80
175,AM,2025-04-02,50.85,adimplente,59,125,58-67,41,norte,4,4,50-80
176,TO,2025-04-03,156.45,adimplente,31,124,28-37,11,norte,4,4,141-170
177,PE,2025-02-08,55.99,adimplente,46,178,38-47,31,nordeste,5,2,50-80
178,ES,2024-08-31,139.53,adimplente,45,339,38-47,51,sudeste,11,8,111-140
179,PB,2025-01-06,123.58,adimplente,69,211,68-77,31,nordeste,7,1,111-140
180,GO,2025-03-04,132.52,adimplente,24,154,18-27,41,centro-oeste,5,3,111-140
181,SC,2025-05-11,167.6,adimplente,46,86,38-47,61,sul,2,5,141-170
182,AC,2025-07-02,128.81,adimplente,34,34,28-37,84,norte,1,7,111-140
183,SE,2025-07-15,128.09,adimplente,63,21,58-67,21,nordeste,0,7,111-140
184,MS,2024-09-14,73.91,adimplente,66,325,58-67,21,centro-oeste,10,9,50-80
185,AL,2025-01-28,130.56,adimplente,26,189,18-27,21,nordeste,6,1,111-140
186,RJ,2025-03-13,102.41,adimplente,37,145,28-37,84,sudeste,4,3,81-110
187,MA,2024-08-30,149.5,adimplente,47,340,38-47,61,nordeste,11,8,141-170
188,TO,2024-10-19,104.12,adimplente,37,290,28-37,61,norte,9,10,81-110
189,AM,2025-01-07,192.55,adimplente,65,210,58-67,84,norte,7,1,171-200
190,RR,2025-03-18,121.23,adimplente,68,140,68-77,11,norte,4,3,111-140
191,MT,2024-08-14,173.55,adimplente,18,356,18-27,61,centro-oeste,11,8,171-200
192,MT,2025-07-01,67.21,adimplente,49,35,48-57,81,centro-oeste,1,7,50-80
193,SE,2025-07-17,116.85,adimplente,39,19,38-47,84,nordeste,0,7,111-140
194,PB,2024-11-30,193.83,adimplente,46,248,38-47,84,nordeste,8,11,171-200
195,DF,2025-06-21,107.21,adimplente,28,45,28-37,84,centro-oeste,1,6,81-110
196,ES,2024-09-29,107.88,adimplente,66,310,58-67,31,sudeste,10,9,81-110
197,RN,2024-12-08,158.6,adimplente,20,240,18-27,84,nordeste,8,12,141-170
198,RJ,2024-11-07,186.7,adimplente,51,271,48-57,81,sudeste,9,11,171-200
199,AM,2025-02-07,127.15,adimplente,63,179,58-67,21,norte,5,2,111-140
200,RJ,2024-11-11,116.83,adimplente,21,267,18-27,81,sudeste,8,11,111-140
201,RR,2025-01-31,94.47,adimplente,35,186,28-37,84,norte,6,1,81-110
202,SC,2024-12-09,98.05,adimplente,25,239,18-27,80,sul,7,12,81-110
203,AL,2025-06-04,192.23,adimplente,33,62,28-37,81,nordeste,2,6,171-200
204,PA,2024-10-05,195.74,adimplente,66,304,58-67,30,norte,10,10,171-200
205,SE,2025-04-28,129.98,adimplente,23,99,18-27,41,nordeste,3,4,111-140
206,SE,2025-01-13,81.62,adimplente,37,204,28-37,51,nordeste,6,1,81-110
207,RS,2025-01-02,179.74,adimplente,56,215,48-57,71,sul,7,1,171-200
208,PA,2024-11-07,175.35,adimplente,36,271,28-37,71,norte,9,11,171-200
209,PR,2025-07-14,130.66,adimplente,57,22,48-57,61,sul,0,7,111-140
210,DF,2025-06-24,146.98,adimplente,24,42,18-27,41,centro-oeste,1,6,141-170
211,MT,2025-07-09,162.03,adimplente,31,27,28-37,61,centro-oeste,0,7,141-170
212,RO,2024-12-22,53.56,adimplente,47,226,38-47,31,norte,7,12,50-80
213,GO,2025-07-15,55.68,adimplente,24,21,18-27,51,centro-oeste,0,7,50-80
214,SP,2025-06-23,58.14,adimplente,40,43,38-47,84,sudeste,1,6,50-80
215,BA,2025-04-18,133.71,adimplente,69,109,68-77,81,nordeste,3,4,111-140
216,AM,2024-11-16,173.24,adimplente,41,262,38-47,71,norte,8,11,171-200
217,RO,2025-04-25,111.14,adimplente,58,102,58-67,90,norte,3,4,111-140
218,ES,2024-09-25,144.53,adimplente,56,314,48-57,41,sudeste,10,9,141-170
219,TO,2025-06-12,97.46,adimplente,52,54,48-57,31,norte,1,6,81-110
220,TO,2025-07-09,150.99,adimplente,66,27,58-67,41,norte,0,7,141-170
221,RO,2024-12-04,50.88,adimplente,23,244,18-27,21,norte,8,12,50-80
222,PE,2025-06-29,163.39,adimplente,22,37,18-27,50,nordeste,1,6,141-170
223,SP,2025-05-15,155.13,adimplente,24,82,18-27,21,sudeste,2,5,141-170
224,RO,2024-11-11,103.66,adimplente,63,267,58-67,81,norte,8,11,81-110
225,MS,2024-12-18,65.92,adimplente,45,230,38-47,21,centro-oeste,7,12,50-80
226,MT,2024-11-30,140.98,adimplente,43,248,38-47,81,centro-oeste,8,11,141-170
227,MA,2024-11-27,164.79,adimplente,57,251,48-57,11,nordeste,8,11,141-170
228,DF,2025-06-28,107.21,adimplente,20,38,18-27,71,centro-oeste,1,6,81-110
229,SP,2024-11-09,121.1,adimplente,65,269,58-67,41,sudeste,8,11,111-140
230,TO,2025-01-23,82.98,adimplente,53,194,48-57,41,norte,6,1,81-110
231,RJ,2025-04-01,169.52,adimplente,66,126,58-67,21,sudeste,4,4,141-170
232,AC,2025-07-27,94.25,adimplente,30,9,28-37,61,norte,0,7,81-110
233,RO,2024-11-01,94.71,adimplente,51,277,48-57,61,norte,9,11,81-110
234,PB,2024-08-23,193.61,adimplente,19,347,18-27,71,nordeste,11,8,171-200
235,MG,2024-12-01,133.03,adimplente,67,247,58-67,21,sudeste,8,12,111-140
236,RS,2024-11-19,71.21,adimplente,21,259,18-27,11,sul,8,11,50-80
237,PR,2024-08-26,50.75,adimplente,53,344,48-57,21,sul,11,8,50-80
238,PB,2025-03-22,130.57,adimplente,25,136,18-27,21,nordeste,4,3,111-140
239,SC,2025-04-14,95.7,adimplente,48,113,48-57,84,sul,3,4,81-110
240,GO,2024-12-09,81.76,adimplente,64,239,58-67,11,centro-oeste,7,12,81-110
241,SP,2025-07-18,71.37,adimplente,34,18,28-37,51,sudeste,0,7,50-80
242,MS,2025-07-07,83.12,adimplente,40,29,38-47,84,centro-oeste,0,7,81-110
243,BA,2025-03-26,79.15,adimplente,34,132,28-37,84,nordeste,4,3,50-80
244,RJ,2024-10-04,150.65,adimplente,68,305,68-77,90,sudeste,10,10,141-170
245,PE,2024-12-20,177.84,adimplente,67,228,58-67,71,nordeste,7,12,171-200
246,RJ,2024-10-27,119.19,adimplente,67,282,58-67,61,sudeste,9,10,111-140
247,AC,2025-06-17,60.97,adimplente,24,49,18-27,84,norte,1,6,50-80
248,AL,2024-12-30,87.6,adimplente,35,218,28-37,71,nordeste,7,12,81-110
249,RO,2024-12-05,158.84,adimplente,61,243,58-67,61,norte,8,12,141-170
250,PB,2024-12-01,192.73,adimplente,50,247,48-57,51,nordeste,8,12,171-200
251,ES,2025-01-11,69.23,adimplente,39,206,38-47,71,sudeste,6,1,50-80
252,RJ,2024-11-09,65.01,adimplente,24,269,18-27,81,sudeste,8,11,50-80
253,RR,2025-06-10,185.02,adimplente,46,56,38-47,51,norte,1,6,171-200
254,PR,2024-11-21,122.88,adimplente,47,257,38-47,61,sul,8,11,111-140
255,RR,2025-07-02,142.45,adimplente,45,34,38-47,51,norte,1,7,141-170
256,MA,2025-02-12,154.02,adimplente,31,174,28-37,51,nordeste,5,2,141-170
257,MA,2025-02-07,134.83,adimplente,50,179,48-57,84,nordeste,5,2,111-140
258,GO,2025-06-16,171.15,adimplente,56,50,48-57,80,centro-oeste,1,6,171-200
259,CE,2025-06-09,75.3,adimplente,46,57,38-47,84,nordeste,1,6,50-80
260,PB,2024-10-22,86.93,adimplente,37,287,28-37,31,nordeste,9,10,81-110
261,MT,2025-04-25,156.83,adimplente,57,102,48-57,31,centro-oeste,3,4,141-170
262,CE,2025-07-11,91.5,adimplente,50,25,48-57,61,nordeste,0,7,81-110
263,AP,2024-09-16,70.15,adimplente,47,323,38-47,80,norte,10,9,50-80
264,SE,2025-07-25,181.68,adimplente,59,11,58-67,11,nordeste,0,7,171-200
265,MS,2024-08-09,116.8,adimplente,45,361,38-47,71,centro-oeste,12,8,111-140
266,PI,2025-05-17,123.05,adimplente,27,80,18-27,81,nordeste,2,5,111-140
267,CE,2024-10-02,76.37,adimplente,25,307,18-27,50,nordeste,10,10,50-80
268,DF,2024-08-14,176.27,adimplente,30,356,28-37,81,centro-oeste,11,8,171-200
269,PR,2024-11-22,183.69,adimplente,35,256,28-37,61,sul,8,11,171-200
270,BA,2024-09-28,89.49,adimplente,24,311,18-27,84,nordeste,10,9,81-110
271,AM,2025-03-14,159.11,adimplente,19,144,18-27,81,norte,4,3,141-170
272,PE,2025-04-02,177.44,adimplente,20,125,18-27,11,nordeste,4,4,171-200
273,MS,2025-03-30,171.9,adimplente,69,128,68-77,51,centro-oeste,4,3,171-200
274,SC,2025-02-23,110.77,adimplente,37,163,28-37,30,sul,5,2,111-140
275,RS,2024-11-01,185.95,adimplente,67,277,58-67,80,sul,9,11,171-200
276,SC,2024-10-21,89.09,adimplente,66,288,58-67,21,sul,9,10,81-110
277,RO,2024-10-14,120.82,adimplente,31,295,28-37,41,norte,9,10,111-140
278,AM,2025-03-07,104.87,adimplente,38,151,38-47,31,norte,5,3,81-110
279,PE,2025-02-17,183.72,adimplente,44,169,38-47,80,nordeste,5,2,171-200
280,PA,2024-12-16,70.08,adimplente,62,232,58-67,21,norte,7,12,50-80
281,SP,2025-05-17,126.56,adimplente,53,80,48-57,11,sudeste,2,5,111-140
282,SE,2024-12-26,104.58,adimplente,18,222,18-27,11,nordeste,7,12,81-110
283,DF,2024-11-28,149.4,adimplente,32,250,28-37,51,centro-oeste,8,11,141-170
284,RN,2025-06-16,163.58,adimplente,30,50,28-37,80,nordeste,1,6,141-170
285,RN,2025-03-04,116.93,adimplente,34,154,28-37,51,nordeste,5,3,111-140
286,RS,2025-02-22,134.95,adimplente,68,164,68-77,41,sul,5,2,111-140
287,AM,2024-10-08,148.91,adimplente,31,301,28-37,21,norte,10,10,141-170
288,RO,2024-10-08,160.39,adimplente,61,301,58-67,81,norte,10,10,141-170
289,CE,2025-02-24,190.88,adimplente,21,162,18-27,71,nordeste,5,2,171-200
290,AM,2024-11-27,82.82,adimplente,61,251,58-67,61,norte,8,11,81-110
291,MT,2024-10-02,84.76,adimplente,41,307,38-47,51,centro-oeste,10,10,81-110
292,BA,2025-06-21,105.42,adimplente,21,45,18-27,21,nordeste,1,6,81-110
293,AM,2025-01-03,150.29,adimplente,64,214,58-67,84,norte,7,1,141-170
294,TO,2024-10-05,186.16,adimplente,50,304,48-57,11,norte,10,10,171-200
295,RN,2025-06-02,108.21,adimplente,58,64,58-67,21,nordeste,2,6,81-110
296,MS,2025-04-30,182.23,adimplente,21,97,18-27,41,centro-oeste,3,4,171-200
297,ES,2024-10-31,197.09,adimplente,47,278,38-47,84,sudeste,9,10,171-200
298,GO,2024-10-24,65.48,adimplente,64,285,58-67,51,centro-oeste,9,10,50-80
299,TO,2025-05-26,145.04,adimplente,42,71,38-47,71,norte,2,5,141-170
300,TO,2025-07-06,175.23,adimplente,41,30,38-47,21,norte,1,7,171-200
301,RN,2025-02-19,136.79,adimplente,69,167,68-77,31,nordeste,5,2,111-140
302,PB,2024-09-29,76.08,adimplente,51,310,48-57,80,nordeste,10,9,50-80
303,PA,2025-04-17,104.79,adimplente,24,110,18-27,21,norte,3,4,81-110
304,SP,2025-04-23,127.5,adimplente,51,104,48-57,61,sudeste,3,4,111-140
305,GO,2024-08-12,195.9,adimplente,38,358,38-47,61,centro-oeste,11,8,171-200
306,RJ,2024-10-17,127.46,adimplente,49,292,48-57,51,sudeste,9,10,111-140
307,MT,2024-12-06,172.59,adimplente,48,242,48-57,80,centro-oeste,8,12,171-200
308,PI,2025-05-13,123.03,adimplente,61,84,58-67,41,nordeste,2,5,111-140
309,SE,2025-04-02,183.08,adimplente,18,125,18-27,31,nordeste,4,4,171-200
310,TO,2025-01-12,125.28,adimplente,30,205,28-37,21,norte,6,1,111-140
311,MT,2025-04-09,115.98,adimplente,38,118,38-47,61,centro-oeste,3,4,111-140
312,RO,2024-10-02,61.56,adimplente,43,307,38-47,84,norte,10,10,50-80
313,BA,2025-01-25,81.73,adimplente,34,192,28-37,31,nordeste,6,1,81-110
314,MG,2025-04-30,73.6,adimplente,28,97,28-37,31,sudeste,3,4,50-80
315,RN,2025-03-18,149.17,adimplente,55,140,48-57,41,nordeste,4,3,141-170
316,MA,2024-09-24,171.68,adimplente,28,315,28-37,51,nordeste,10,9,171-200
317,MS,2025-03-10,122.23,adimplente,60,148,58-67,81,centro-oeste,4,3,111-140
318,ES,2025-07-22,121.85,adimplente,32,14,28-37,84,sudeste,0,7,111-140
319,RN,2025-04-30,147.09,adimplente,54,97,48-57,61,nordeste,3,4,141-170
320,AL,2024-10-05,53.37,adimplente,21,304,18-27,84,nordeste,10,10,50-80
321,RJ,2025-02-05,69.18,adimplente,32,181,28-37,81,sudeste,6,2,50-80
322,BA,2025-06-13,70.21,adimplente,64,53,58-67,71,nordeste,1,6,50-80
323,PB,2024-12-21,55.88,adimplente,69,227,68-77,11,nordeste,7,12,50-80
324,DF,2025-04-26,72.03,adimplente,32,101,28-37,41,centro-oeste,3,4,50-80
325,SE,2025-04-09,88.74,adimplente,34,118,28-37,30,nordeste,3,4,81-110
326,MG,2025-02-07,127.5,adimplente,54,179,48-57,81,sudeste,5,2,111-140
327,BA,2025-01-20,139.9,adimplente,68,197,68-77,61,nordeste,6,1,111-140
328,PB,2025-06-25,145.64,adimplente,43,41,38-47,51,nordeste,1,6,141-170
329,PE,2024-12-07,192.09,adimplente,37,241,28-37,11,nordeste,8,12,171-200
330,PE,2024-12-13,117.38,adimplente,60,235,58-67,31,nordeste,7,12,111-140
331,TO,2025-07-01,180.1,adimplente,33,35,28-37,81,norte,1,7,171-200
332,SE,2025-04-23,82.9,adimplente,54,104,48-57,51,nordeste,3,4,81-110
333,RN,2025-07-25,140.13,adimplente,34,11,28-37,84,nordeste,0,7,141-170
334,MT,2025-01-07,143.48,adimplente,63,210,58-67,84,centro-oeste,7,1,141-170
335,TO,2025-01-23,89.68,adimplente,48,194,48-57,80,norte,6,1,81-110
336,RJ,2024-11-19,188.35,adimplente,24,259,18-27,41,sudeste,8,11,171-200
337,RN,2024-11-12,84.47,adimplente,52,266,48-57,81,nordeste,8,11,81-110
338,MA,2024-10-23,69.83,adimplente,19,286,18-27,31,nordeste,9,10,50-80
339,ES,2024-08-28,80.35,adimplente,63,342,58-67,11,sudeste,11,8,81-110
340,PA,2024-08-12,152.66,adimplente,31,358,28-37,51,norte,11,8,141-170
341,AC,2025-07-27,140.83,adimplente,33,9,28-37,61,norte,0,7,141-170
342,SE,2024-09-16,121.38,adimplente,21,323,18-27,11,nordeste,10,9,111-140
343,PI,2025-04-28,181.66,adimplente,65,99,58-67,21,nordeste,3,4,171-200
344,RJ,2024-10-22,125.5,adimplente,28,287,28-37,71,sudeste,9,10,111-140
345,DF,2025-03-26,63.98,adimplente,29,132,28-37,41,centro-oeste,4,3,50-80
346,AP,2024-11-27,185.3,adimplente,66,251,58-67,21,norte,8,11,171-200
347,BA,2024-08-21,174.13,adimplente,56,349,48-57,81,nordeste,11,8,171-200
348,CE,2025-02-01,128.31,adimplente,51,185,48-57,71,nordeste,6,2,111-140
349,MS,2025-04-15,181.22,adimplente,65,112,58-67,71,centro-oeste,3,4,171-200
350,RR,2025-06-16,114.34,adimplente,61,50,58-67,51,norte,1,6,111-140
351,SC,2024-10-23,168.43,adimplente,52,286,48-57,50,sul,9,10,141-170
352,RO,2024-11-17,102.58,adimplente,69,261,68-77,84,norte,8,11,81-110
353,RR,2024-09-05,64.66,adimplente,30,334,28-37,84,norte,11,9,50-80
354,AL,2024-12-07,88.18,adimplente,38,241,38-47,81,nordeste,8,12,81-110
355,GO,2024-10-08,186.51,adimplente,25,301,18-27,50,centro-oeste,10,10,171-200
356,PR,2024-10-25,92.49,adimplente,66,284,58-67,71,sul,9,10,81-110
357,MA,2025-08-02,111.3,adimplente,34,3,28-37,21,nordeste,0,8,111-140
358,RR,2025-05-30,50.82,adimplente,18,67,18-27,21,norte,2,5,50-80
359,PE,2025-04-04,136.7,adimplente,28,123,28-37,84,nordeste,4,4,111-140
360,MA,2025-06-07,127.96,adimplente,51,59,48-57,31,nordeste,1,6,111-140
361,RJ,2025-07-19,148.18,adimplente,46,17,38-47,71,sudeste,0,7,141-170
362,MG,2024-12-19,111.33,adimplente,27,229,18-27,71,sudeste,7,12,111-140
363,TO,2024-12-26,73.22,adimplente,40,222,38-47,11,norte,7,12,50-80
364,PR,2024-12-15,89.2,adimplente,66,233,58-67,61,sul,7,12,81-110
365,PE,2024-08-16,113.53,adimplente,50,354,48-57,50,nordeste,11,8,111-140
366,AL,2025-06-23,141.78,adimplente,53,43,48-57,61,nordeste,1,6,141-170
367,PR,2025-05-12,163.25,adimplente,55,85,48-57,51,sul,2,5,141-170
368,BA,2024-08-07,132.82,adimplente,68,363,68-77,61,nordeste,12,8,111-140
369,AC,2025-03-30,122.37,adimplente,51,128,48-57,11,norte,4,3,111-140
370,CE,2025-05-24,133.86,adimplente,61,73,58-67,80,nordeste,2,5,111-140
371,RR,2025-02-08,88.07,adimplente,45,178,38-47,81,norte,5,2,81-110
372,MS,2025-04-22,136.65,adimplente,53,105,48-57,61,centro-oeste,3,4,111-140
373,AL,2025-06-10,160.37,adimplente,28,56,28-37,21,nordeste,1,6,141-170
374,RR,2024-11-15,162.17,adimplente,58,263,58-67,11,norte,8,11,141-170
375,AC,2024-10-01,167.47,adimplente,32,308,28-37,51,norte,10,10,141-170
376,MG,2024-11-10,65.04,adimplente,63,268,58-67,31,sudeste,8,11,50-80
377,RJ,2025-06-23,110.08,adimplente,48,43,48-57,80,sudeste,1,6,111-140
378,RS,2025-03-31,170.13,adimplente,22,127,18-27,51,sul,4,3,171-200
379,AL,2025-06-16,74.11,adimplente,18,50,18-27,30,nordeste,1,6,50-80
380,ES,2024-11-11,170.66,adimplente,31,267,28-37,84,sudeste,8,11,171-200
381,PE,2024-12-31,120.75,adimplente,57,217,48-57,11,nordeste,7,12,111-140
382,AC,2024-10-05,63.22,adimplente,41,304,38-47,84,norte,10,10,50-80
383,PE,2025-01-09,83.27,adimplente,25,208,18-27,61,nordeste,6,1,81-110
384,RS,2025-05-18,141.35,adimplente,52,79,48-57,41,sul,2,5,141-170
385,TO,2025-07-14,189.6,adimplente,53,22,48-57,90,norte,0,7,171-200
386,RS,2024-10-11,142.09,adimplente,64,298,58-67,84,sul,9,10,141-170
387,MS,2024-10-20,92.97,adimplente,23,289,18-27,84,centro-oeste,9,10,81-110
388,MG,2025-06-26,191.86,adimplente,33,40,28-37,84,sudeste,1,6,171-200
389,PI,2024-10-16,146.04,adimplente,57,293,48-57,90,nordeste,9,10,141-170
390,PR,2025-05-21,51.61,adimplente,64,76,58-67,41,sul,2,5,50-80
391,PB,2025-05-24,92.9,adimplente,21,73,18-27,71,nordeste,2,5,81-110
392,RO,2024-11-30,167.59,adimplente,63,248,58-67,71,norte,8,11,141-170
393,PI,2025-03-13,127.37,adimplente,38,145,38-47,71,nordeste,4,3,111-140
394,RS,2024-10-02,142.28,adimplente,21,307,18-27,81,sul,10,10,141-170
395,SP,2025-02-17,103.96,adimplente,18,169,18-27,31,sudeste,5,2,81-110
396,AC,2024-08-22,196.35,adimplente,25,348,18-27,11,norte,11,8,171-200
397,SP,2025-04-14,199.52,adimplente,53,113,48-57,51,sudeste,3,4,171-200
398,PA,2025-06-09,102.97,adimplente,53,57,48-57,11,norte,1,6,81-110
399,AP,2024-08-09,110.82,adimplente,35,361,28-37,21,norte,12,8,111-140
400,MG,2025-02-18,127.66,adimplente,24,168,18-27,84,sudeste,5,2,111-140
401,AL,2025-01-11,187.88,adimplente,67,206,58-67,21,nordeste,6,1,171-200
402,PE,2025-04-02,92.67,adimplente,68,125,68-77,41,nordeste,4,4,81-110
403,MG,2025-03-22,187.25,adimplente,49,136,48-57,80,sudeste,4,3,171-200
404,PE,2024-12-19,102.12,adimplente,42,229,38-47,71,nordeste,7,12,81-110
405,PB,2024-09-10,83.94,adimplente,35,329,28-37,31,nordeste,10,9,81-110
406,GO,2024-12-26,118.21,adimplente,54,222,48-57,51,centro-oeste,7,12,111-140
407,TO,2024-09-10,136.24,adimplente,41,329,38-47,71,norte,10,9,111-140
408,RO,2025-01-06,76.26,adimplente,63,211,58-67,41,norte,7,1,50-80
409,RS,2024-10-17,65.97,adimplente,24,292,18-27,84,sul,9,10,50-80
410,AM,2024-11-23,125.48,adimplente,48,255,48-57,81,norte,8,11,111-140
411,MA,2025-07-11,192.05,adimplente,64,25,58-67,21,nordeste,0,7,171-200
412,MA,2025-03-09,193.51,adimplente,66,149,58-67,31,nordeste,4,3,171-200
413,RR,2025-04-18,171.97,adimplente,69,109,68-77,31,norte,3,4,171-200
414,TO,2025-06-12,87.52,adimplente,57,54,48-57,61,norte,1,6,81-110
415,PA,2025-05-09,194.91,adimplente,68,88,68-77,11,norte,2,5,171-200
416,TO,2024-08-14,122.54,adimplente,39,356,38-47,31,norte,11,8,111-140
417,MT,2024-09-14,163.62,adimplente,59,325,58-67,61,centro-oeste,10,9,141-170
418,CE,2024-09-04,152.24,adimplente,20,335,18-27,21,nordeste,11,9,141-170
419,PR,2024-11-09,122.3,adimplente,41,269,38-47,51,sul,8,11,111-140
420,MG,2024-09-20,60.13,adimplente,37,319,28-37,31,sudeste,10,9,50-80
421,MS,2024-09-17,151.54,adimplente,38,322,38-47,50,centro-oeste,10,9,141-170
422,RO,2025-07-03,170.02,adimplente,55,33,48-57,11,norte,1,7,171-200
423,DF,2025-05-28,193.32,adimplente,64,69,58-67,84,centro-oeste,2,5,171-200
424,AC,2024-10-01,130.35,adimplente,41,308,38-47,81,norte,10,10,111-140
425,BA,2025-01-23,87.24,adimplente,26,194,18-27,84,nordeste,6,1,81-110
426,AM,2024-11-20,109.84,adimplente,48,258,48-57,61,norte,8,11,81-110
427,RN,2025-07-09,61.4,adimplente,34,27,28-37,51,nordeste,0,7,50-80
428,SC,2025-03-03,121.48,adimplente,49,155,48-57,51,sul,5,3,111-140
429,TO,2025-01-06,82.78,adimplente,69,211,68-77,51,norte,7,1,81-110
430,RN,2024-10-22,90.36,adimplente,35,287,28-37,90,nordeste,9,10,81-110
431,MG,2025-05-07,124.85,adimplente,35,90,28-37,21,sudeste,3,5,111-140
432,ES,2024-09-04,85.23,adimplente,39,335,38-47,50,sudeste,11,9,81-110
433,RN,2025-04-15,180.91,adimplente,36,112,28-37,71,nordeste,3,4,171-200
434,MT,2025-04-24,84.38,adimplente,40,103,38-47,51,centro-oeste,3,4,81-110
435,AM,2024-09-15,175.45,adimplente,49,324,48-57,50,norte,10,9,171-200
436,CE,2025-05-02,73.4,adimplente,27,95,18-27,11,nordeste,3,5,50-80
437,RO,2025-03-30,67.98,adimplente,25,128,18-27,50,norte,4,3,50-80
438,BA,2025-04-10,151.37,adimplente,62,117,58-67,21,nordeste,3,4,141-170
439,PA,2024-12-02,142.07,adimplente,66,246,58-67,84,norte,8,12,141-170
440,SP,2024-09-21,193.7,adimplente,61,318,58-67,31,sudeste,10,9,171-200
441,CE,2025-01-03,105.68,adimplente,46,214,38-47,81,nordeste,7,1,81-110
442,BA,2025-04-16,123.85,adimplente,69,111,68-77,41,nordeste,3,4,111-140
443,AL,2025-05-29,180.32,adimplente,62,68,58-67,51,nordeste,2,5,171-200
444,AC,2025-03-16,77.43,adimplente,63,142,58-67,61,norte,4,3,50-80
445,PE,2025-07-31,92.04,adimplente,37,5,28-37,21,nordeste,0,7,81-110
446,GO,2025-04-07,162.53,adimplente,29,120,28-37,81,centro-oeste,4,4,141-170
447,MT,2025-05-25,58.12,adimplente,55,72,48-57,31,centro-oeste,2,5,50-80
448,RO,2024-12-02,121.75,adimplente,66,246,58-67,21,norte,8,12,111-140
449,RJ,2024-08-20,54.88,adimplente,49,350,48-57,61,sudeste,11,8,50-80
450,SE,2025-07-25,109.06,adimplente,33,11,28-37,41,nordeste,0,7,81-110
451,MT,2024-10-28,118.58,adimplente,28,281,28-37,71,centro-oeste,9,10,111-140
452,BA,2024-12-21,154.74,adimplente,59,227,58-67,21,nordeste,7,12,141-170
453,PE,2025-05-20,97.35,adimplente,18,77,18-27,51,nordeste,2,5,81-110
454,SP,2025-06-26,51.77,adimplente,36,40,28-37,90,sudeste,1,6,50-80
455,PI,2024-12-02,106.91,adimplente,27,246,18-27,90,nordeste,8,12,81-110
456,SC,2025-02-06,98.82,adimplente,41,180,38-47,11,sul,6,2,81-110
457,RO,2025-01-28,78.07,adimplente,41,189,38-47,31,norte,6,1,50-80
458,SC,2025-05-31,85.57,adimplente,60,66,58-67,71,sul,2,5,81-110
459,GO,2025-01-22,193.78,adimplente,48,195,48-57,21,centro-oeste,6,1,171-200
460,CE,2025-04-18,104.89,adimplente,62,109,58-67,41,nordeste,3,4,81-110
461,AC,2025-06-11,113.59,adimplente,55,55,48-57,80,norte,1,6,111-140
462,SE,2024-09-29,155.11,adimplente,51,310,48-57,41,nordeste,10,9,141-170
463,AM,2025-06-01,104.76,adimplente,53,65,48-57,61,norte,2,6,81-110
464,AP,2025-03-02,91.94,adimplente,34,156,28-37,81,norte,5,3,81-110
465,SP,2024-11-05,135.71,adimplente,69,273,68-77,80,sudeste,9,11,111-140
466,AM,2025-05-20,152.9,adimplente,26,77,18-27,80,norte,2,5,141-170
467,MT,2024-10-02,158.12,adimplente,39,307,38-47,31,centro-oeste,10,10,141-170
468,AC,2025-03-12,133.3,adimplente,52,146,48-57,84,norte,4,3,111-140
469,PB,2025-04-25,79.41,adimplente,31,102,28-37,41,nordeste,3,4,50-80
470,PB,2025-04-11,120.95,adimplente,18,116,18-27,81,nordeste,3,4,111-140
471,SC,2024-12-02,76.49,adimplente,62,246,58-67,31,sul,8,12,50-80
472,PR,2025-08-01,70.17,adimplente,64,4,58-67,21,sul,0,8,50-80
473,BA,2025-01-28,130.1,adimplente,46,189,38-47,11,nordeste,6,1,111-140
474,BA,2024-08-31,167.8,adimplente,44,339,38-47,71,nordeste,11,8,141-170
475,MT,2024-08-22,87.65,adimplente,68,348,68-77,90,centro-oeste,11,8,81-110
476,MS,2025-01-05,57.16,adimplente,26,212,18-27,11,centro-oeste,7,1,50-80
477,SC,2025-05-23,153.58,adimplente,23,74,18-27,21,sul,2,5,141-170
478,MG,2024-08-20,82.32,adimplente,40,350,38-47,81,sudeste,11,8,81-110
479,AC,2025-01-19,121.48,adimplente,26,198,18-27,81,norte,6,1,111-140
480,PE,2024-11-12,117.48,adimplente,48,266,48-57,81,nordeste,8,11,111-140
481,SC,2024-09-22,88.97,adimplente,50,317,48-57,21,sul,10,9,81-110
482,BA,2025-05-18,134.05,adimplente,41,79,38-47,81,nordeste,2,5,111-140
483,PI,2025-01-19,101.62,adimplente,54,198,48-57,61,nordeste,6,1,81-110
484,PI,2025-06-01,68.19,adimplente,35,65,28-37,51,nordeste,2,6,50-80
485,PR,2025-02-05,136.53,adimplente,66,181,58-67,41,sul,6,2,111-140
486,AC,2025-05-26,76.18,adimplente,43,71,38-47,21,norte,2,5,50-80
487,TO,2025-04-01,103.27,adimplente,63,126,58-67,61,norte,4,4,81-110
488,ES,2025-05-17,123.12,adimplente,58,80,58-67,31,sudeste,2,5,111-140
489,SE,2025-06-14,183.44,adimplente,52,52,48-57,11,nordeste,1,6,171-200
490,AP,2025-02-28,142.05,adimplente,59,158,58-67,61,norte,5,2,141-170
491,AC,2024-08-17,144.76,adimplente,31,353,28-37,90,norte,11,8,141-170
492,RR,2024-09-27,180.24,adimplente,48,312,48-57,81,norte,10,9,171-200
493,BA,2024-11-23,113.27,adimplente,69,255,68-77,71,nordeste,8,11,111-140
494,AM,2024-09-23,110.72,adimplente,24,316,18-27,41,norte,10,9,111-140
495,BA,2024-11-17,61.87,adimplente,48,261,48-57,21,nordeste,8,11,50-80
496,MG,2024-09-07,84.23,adimplente,46,332,38-47,61,sudeste,11,9,81-110
497,SC,2025-01-06,147.95,adimplente,42,211,38-47,81,sul,7,1,141-170
498,PE,2025-01-21,140.81,adimplente,53,196,48-57,11,nordeste,6,1,141-170
499,PI,2024-12-11,90.69,adimplente,57,237,48-57,41,nordeste,7,12,81-110
500,SE,2025-07-22,167.15,adimplente,50,14,48-57,11,nordeste,0,7,141-170
